Ordinal,Year,Make,Model
wtfbbq,2017,Acura,NSX
wtfbbq,2002,Acura,RSX Type-S
wtfbbq,2001,Acura,Integra Type-R
wtfbbq,2020,Alejandra's,Flatbed Truck
wtfbbq,2017,Alpine,A110
wtfbbq,1973,Alpine,A110 1600s
wtfbbq,2015,Alumi Craft,Class 10 Race Car
wtfbbq,1973,AMC,Gremlin X
wtfbbq,2554,AMG Transport Dynamics,M12S Warthog CST
wtfbbq,2018,Apollo,Intensa Emozione 'Welcome Pack'
wtfbbq,2018,Apollo,Intensa Emozione
wtfbbq,2016,Ariel,Nomad
wtfbbq,2013,Ariel,Atom 500 V8
wtfbbq,2019,Aston Martin,Vantage
wtfbbq,2019,Aston Martin,Valhalla Concept Car
wtfbbq,2019,Aston Martin,DBS Superleggera
wtfbbq,2017,Aston Martin,Vulcan AMR Pro
wtfbbq,2017,Aston Martin,DB11
wtfbbq,2016,Aston Martin,Vantage GT12
wtfbbq,2013,Aston Martin,V12 Vantage S
wtfbbq,1964,Aston Martin,DB5
wtfbbq,2018,Audi,TT RS
wtfbbq,2016,Audi,R8 V10 plus
wtfbbq,2015,Audi,TTS Coupe
wtfbbq,2015,Audi,S1
wtfbbq,2015,Audi,RS 6 Avant
wtfbbq,2013,Audi,RS 7 Sportback
wtfbbq,2013,Audi,RS 4 Avant
wtfbbq,2013,Audi,R8 Coupe V10 plus 5.2 FSI quattro
wtfbbq,2011,Audi,RS 5 Coupe
wtfbbq,2011,Audi,RS 3 Sportback
wtfbbq,2010,Audi,TT RS Coupe
wtfbbq,2009,Audi,RS 6
wtfbbq,2006,Audi,RS 4
wtfbbq,2003,Audi,RS 6
wtfbbq,2001,Audi,RS 4 Avant
wtfbbq,1995,Audi,Avant RS 2
wtfbbq,1983,Audi,Sport quattro
wtfbbq,1958,Austin-Healey,Sprite MkI
wtfbbq,1939,Auto Union,Type D
wtfbbq,2014,BAC,Mono
wtfbbq,2017,Bentley,Continental Supersports
wtfbbq,2016,Bentley,Bentayga
wtfbbq,1930,Bentley,Blower 4-1/2 Litre Supercharged
wtfbbq,1930,Bentley,8 Litre
wtfbbq,2019,BMW,Z4 Roadster
wtfbbq,2018,BMW,M5
wtfbbq,2016,BMW,M4 GTS
wtfbbq,2016,BMW,M2 Coupe
wtfbbq,2015,BMW,X6 M
wtfbbq,2015,BMW,i8
wtfbbq,2014,BMW,M4 Coupe
wtfbbq,2013,BMW,M6 Coupe
wtfbbq,2012,BMW,M5
wtfbbq,2011,BMW,X5 M Forza Edition
wtfbbq,2011,BMW,X5 M Traffic
wtfbbq,2011,BMW,X5 M
wtfbbq,2011,BMW,1 Series M Coupe
wtfbbq,2009,BMW,M5
wtfbbq,2008,BMW,Z4 M Coupe
wtfbbq,2008,BMW,M3
wtfbbq,2005,BMW,M3
wtfbbq,2003,BMW,M5
wtfbbq,2002,BMW,Z3 M Coupe
wtfbbq,2002,BMW,M3-GTR
wtfbbq,1997,BMW,M3
wtfbbq,1995,BMW,M5
wtfbbq,1991,BMW,M3
wtfbbq,1988,BMW,M5
wtfbbq,1981,BMW,M1
wtfbbq,1973,BMW,2002 Turbo
wtfbbq,1957,BMW,Isetta 300 Export
wtfbbq,2019,Bugatti,Divo
wtfbbq,2018,Bugatti,Chiron
wtfbbq,2011,Bugatti,Veyron Super Sport
wtfbbq,1992,Bugatti,EB110 Super Sport
wtfbbq,1926,Bugatti,Type 35 C
wtfbbq,1987,Buick,Regal GNX
wtfbbq,1970,Buick,GSX
wtfbbq,2016,Cadillac,CTS-V Sedan
wtfbbq,2016,Cadillac,ATS-V
wtfbbq,2018,Can-Am,Maverick X RS Turbo R
wtfbbq,2013,Caterham,Superlight R500
wtfbbq,2020,Chevrolet,Corvette Stingray Coupe
wtfbbq,2019,Chevrolet,Corvette ZR1
wtfbbq,2018,Chevrolet,Camaro ZL1 1LE
wtfbbq,2017,Chevrolet,Colorado ZR2
wtfbbq,2017,Chevrolet,Colorado ZR2 Traffic
wtfbbq,2017,Chevrolet,Camaro ZL1
wtfbbq,2015,Chevrolet,Corvette Z06
wtfbbq,2015,Chevrolet,Camaro Z/28
wtfbbq,2009,Chevrolet,Corvette ZR1
wtfbbq,2002,Chevrolet,Corvette Z06
wtfbbq,1996,Chevrolet,Impala Super Sport
wtfbbq,1995,Chevrolet,Corvette ZR-1
wtfbbq,1988,Chevrolet,Monte Carlo Super Sport
wtfbbq,1979,Chevrolet,Camaro  Z28
wtfbbq,1970,Chevrolet,El Camino Super Sport 454
wtfbbq,1970,Chevrolet,Corvette ZR-1
wtfbbq,1970,Chevrolet,Chevelle Super Sport 454
wtfbbq,1970,Chevrolet,Camaro Z28
wtfbbq,1969,Chevrolet,Nova Super Sport 396
wtfbbq,1969,Chevrolet,Camaro Super Sport Coupe
wtfbbq,1967,Chevrolet,Corvette Stingray 427
wtfbbq,1964,Chevrolet,Impala Super Sport 409
wtfbbq,1960,Chevrolet,Corvette
wtfbbq,1957,Chevrolet,Bel Air
wtfbbq,1955,Chevrolet,150 Utility Sedan
wtfbbq,1953,Chevrolet,Corvette Forza Edition
wtfbbq,1953,Chevrolet,Corvette
wtfbbq,1970,Datsun,510
wtfbbq,2019,DeBerti,"Toyota Tacoma TRD ""The Performance Truck"""
wtfbbq,2018,DeBerti,F-150 Prerunner Truck
wtfbbq,2018,DeBerti,Chevrolet Silverado 1500 Drift Truck
wtfbbq,2013,DeBerti,Wrangler Unlimited
wtfbbq,1982,DeLorean,DMC-12
wtfbbq,2018,Dodge,Durango SRT
wtfbbq,2018,Dodge,Challenger SRT Demon
wtfbbq,2016,Dodge,Viper ACR
wtfbbq,2015,Dodge,Charger SRT Hellcat
wtfbbq,2015,Dodge,Challenger SRT Hellcat
wtfbbq,2013,Dodge,SRT Viper GTS
wtfbbq,2008,Dodge,Viper SRT10 ACR
wtfbbq,1999,Dodge,Viper GTS ACR
wtfbbq,1970,Dodge,Challenger R/T
wtfbbq,1969,Dodge,Charger R/T Forza Edition
wtfbbq,1969,Dodge,Charger R/T
wtfbbq,1969,Dodge,Charger Daytona HEMI
wtfbbq,1968,Dodge,Dart HEMI Super Stock
wtfbbq,2013,Donkervoort,D8 GTO
wtfbbq,2018,Exomotive,Exocet Off-Road Forza Edition
wtfbbq,2018,Exomotive,Exocet Off-Road
wtfbbq,2019,Ferrari,488 Pista
wtfbbq,2019,Ferrari,Monza SP2
wtfbbq,2018,Ferrari,FXX-K EVO
wtfbbq,2018,Ferrari,Portofino
wtfbbq,2017,Ferrari,J50
wtfbbq,2017,Ferrari,GTC4Lusso
wtfbbq,2017,Ferrari,812 Superfast
wtfbbq,2015,Ferrari,F12tdf
wtfbbq,2015,Ferrari,488 GTB
wtfbbq,2014,Ferrari,FXX K
wtfbbq,2013,Ferrari,LaFerrari
wtfbbq,2013,Ferrari,458 Speciale
wtfbbq,2012,Ferrari,599XX Evoluzione
wtfbbq,2010,Ferrari,599 GTO
wtfbbq,2009,Ferrari,458 Italia
wtfbbq,2007,Ferrari,430 Scuderia
wtfbbq,2005,Ferrari,FXX
wtfbbq,2003,Ferrari,360 Challenge Stradale
wtfbbq,2002,Ferrari,Enzo Ferrari
wtfbbq,2002,Ferrari,575M Maranello
wtfbbq,1996,Ferrari,F50 GT
wtfbbq,1995,Ferrari,F50
wtfbbq,1994,Ferrari,F355 Berlinetta
wtfbbq,1989,Ferrari,F40 Competizione
wtfbbq,1987,Ferrari,F40
wtfbbq,1984,Ferrari,288 GTO
wtfbbq,1969,Ferrari,Dino 246 GT
wtfbbq,1968,Ferrari,365 GTB/4
wtfbbq,1967,Ferrari,#24 Ferrari Spa 330 P4
wtfbbq,1962,Ferrari,250 GTO
wtfbbq,1957,Ferrari,250 Testa Rossa
wtfbbq,1957,Ferrari,250 California
wtfbbq,2021,Ford,Bronco
wtfbbq,2020,Ford,Super Duty F-450 DRW Platinum
wtfbbq,2020,Ford,Mustang Shelby GT500
wtfbbq,2020,Ford,#2069 Ford Performance Bronco R 'Welcome Pack'
wtfbbq,2020,Ford,#2069 Ford Performance Bronco R
wtfbbq,2019,Ford,Ranger Raptor
wtfbbq,2019,Ford,Ranger Raptor Traffic
wtfbbq,2018,Ford,Mustang RTR Spec 5
wtfbbq,2018,Ford,Mustang GT
wtfbbq,2018,Ford,#88 Mustang RTR
wtfbbq,2018,Ford,#25 Mustang RTR
wtfbbq,2017,Ford,M-Sport Fiesta RS
wtfbbq,2017,Ford,GT
wtfbbq,2017,Ford,Focus RS
wtfbbq,2017,Ford,F-150 Raptor
wtfbbq,2017,Ford,#25 'Brocky' Ultra4 Bronco RTR
wtfbbq,2017,Ford,#14 Rahal Letterman Lanigan Racing GRC Fiesta
wtfbbq,2016,Ford,Shelby GT350R
wtfbbq,2015,Ford,Falcon GT F 351
wtfbbq,2014,Ford,Ranger T6 Rally Raid
wtfbbq,2014,Ford,FPV Limited Edition Pursuit Ute
wtfbbq,2014,Ford,Fiesta ST
wtfbbq,2014,Ford,#11 Rockstar F-150 Trophy Truck
wtfbbq,2013,Ford,Shelby GT500
wtfbbq,2011,Ford,Transit SuperSportVan
wtfbbq,2011,Ford,Transit SuperSportVan Traffic
wtfbbq,2011,Ford,F-150 SVT Raptor
wtfbbq,2010,Ford,Crown Victoria Police Interceptor
wtfbbq,2009,Ford,Focus RS
wtfbbq,2009,Ford,Fiesta Traffic
wtfbbq,2005,Ford,GT
wtfbbq,2003,Ford,Focus RS
wtfbbq,2000,Ford,SVT Cobra R
wtfbbq,1999,Ford,Racing Puma Forza Edition
wtfbbq,1999,Ford,Racing Puma
wtfbbq,1994,Ford,Supervan 3
wtfbbq,1993,Ford,SVT Cobra R
wtfbbq,1992,Ford,Escort RS Cosworth
wtfbbq,1987,Ford,Sierra Cosworth RS500
wtfbbq,1986,Ford,Escort RS Turbo
wtfbbq,1985,Ford,RS200 Evolution
wtfbbq,1981,Ford,Fiesta XR2
wtfbbq,1977,Ford,Escort RS1800
wtfbbq,1977,Ford,#5 Escort RS1800 MkII
wtfbbq,1975,Ford,Bronco
wtfbbq,1975,Ford,Bronco Traffic
wtfbbq,1973,Ford,Escort RS1600
wtfbbq,1973,Ford,Capri RS3100
wtfbbq,1972,Ford,Falcon XA GT-HO
wtfbbq,1971,Ford,Mustang Mach 1
wtfbbq,1970,Ford,GT70
wtfbbq,1969,Ford,Mustang Boss 302
wtfbbq,1968,Ford,Mustang GT 2+2 Fastback
wtfbbq,1967,Ford,Racing Escort Mk1
wtfbbq,1966,Ford,Lotus Cortina
wtfbbq,1966,Ford,#2 GT40 MkII
wtfbbq,1965,Ford,Transit
wtfbbq,1965,Ford,Mustang GT Coupe
wtfbbq,1964,Ford,GT40 Mk I
wtfbbq,1959,Ford,Anglia 105E
wtfbbq,1956,Ford,F-100
wtfbbq,1940,Ford,De Luxe Coupe
wtfbbq,1932,Ford,De Luxe Five-Window Coupe Forza Edition
wtfbbq,1932,Ford,De Luxe Five-Window Coupe
wtfbbq,2020,Formula Drift,#91 BMW M2
wtfbbq,2020,Formula Drift,#151 Toyota GR Supra
wtfbbq,2019,Formula Drift,#411 Toyota Corolla Hatchback
wtfbbq,2018,Formula Drift,#64 Nissan 370Z
wtfbbq,2017,Formula Drift,#357 Chevrolet Corvette Z06
wtfbbq,2016,Formula Drift,#530 HSV Maloo Gen-F
wtfbbq,2015,Formula Drift,#13 Ford Mustang
wtfbbq,2013,Formula Drift,#777 Chevrolet Corvette
wtfbbq,2009,Formula Drift,#99 Mazda RX-8
wtfbbq,2007,Formula Drift,#117 599 GTB Fiorano
wtfbbq,2006,Formula Drift,#43 Dodge Viper SRT10
wtfbbq,1997,Formula Drift,#777 Nissan 240SX
wtfbbq,1995,Formula Drift,#34 Toyota Supra MKIV
wtfbbq,1989,Formula Drift,#98 BMW 325i
wtfbbq,2010,Forsberg Racing,Toyota Gumout 2JZ Camry Stock Car
wtfbbq,1975,Forsberg Racing,"Nissan ""Gold Leader"" Datsun 280Z"
wtfbbq,2018,Funco Motorsports,F9
wtfbbq,1983,GMC,Vandura G-1500
wtfbbq,1970,GMC,Jimmy
wtfbbq,2019,Hennessey,VelociRaptor 6x6
wtfbbq,2012,Hennessey,Venom GT
wtfbbq,1977,Holden,Torana A9X
wtfbbq,1974,Holden,Sandman HQ panel van
wtfbbq,1973,Holden,HQ Monaro GTS 350
wtfbbq,2018,Honda,Civic Type R
wtfbbq,2016,Honda,Civic Coupe 
wtfbbq,2016,Honda,Civic Type R
wtfbbq,2009,Honda,S2000 CR
wtfbbq,2007,Honda,Civic Type-R 
wtfbbq,2005,Honda,NSX-R GT
wtfbbq,2005,Honda,NSX-R
wtfbbq,2004,Honda,Civic Type-R
wtfbbq,2003,Honda,S2000
wtfbbq,1997,Honda,Civic Type R
wtfbbq,1994,Honda,Prelude Si
wtfbbq,1992,Honda,NSX-R
wtfbbq,1991,Honda,CR-X SiR
wtfbbq,1984,Honda,Civic CRX Mugen
wtfbbq,1974,Honda,Civic RS
wtfbbq,2016,Hoonigan,Gymkhana 10 Ford Focus RS RX
wtfbbq,1994,Hoonigan,Ford Escort RS Cosworth WRC 'Cossie V2'
wtfbbq,1992,Hoonigan,Mazda RX-7 Twerkstallion
wtfbbq,1991,Hoonigan,Rauh-Welt Begriff Porsche 911 Turbo
wtfbbq,1991,Hoonigan,Gymkhana 10 Ford Escort Cosworth Group A
wtfbbq,1986,Hoonigan,Ford RS200 Evolution
wtfbbq,1978,Hoonigan,Ford Escort RS1800
wtfbbq,1977,Hoonigan,Gymkhana 10 Ford F-150 'Hoonitruck'
wtfbbq,1972,Hoonigan,Chevrolet Napalm Nova
wtfbbq,1965,Hoonigan,Gymkhana 10 Ford Hoonicorn Mustang
wtfbbq,1965,Hoonigan,"Ford ""Hoonicorn"" Mustang"
wtfbbq,1955,Hoonigan,Chevrolet Bel Air
wtfbbq,2011,Hot Wheels,Bone Shaker
wtfbbq,1969,Hot Wheels,Twin Mill
wtfbbq,2014,HSV,Limited Edition Gen-F GTS Maloo
wtfbbq,2014,HSV,GEN-F GTS
wtfbbq,2006,Hummer,H1 Alpha
wtfbbq,2019,Hyundai,Veloster N
wtfbbq,2015,Infiniti,Q60 Concept
wtfbbq,1970,International,Scout 800A
wtfbbq,2018,Italdesign,Zerouno
wtfbbq,2018,Jaguar,I-PACE
wtfbbq,2017,Jaguar,F-PACE S
wtfbbq,2016,Jaguar,F-TYPE Project 7
wtfbbq,2015,Jaguar,XKR-S GT
wtfbbq,2015,Jaguar,XFR-S
wtfbbq,2015,Jaguar,XE-S
wtfbbq,2015,Jaguar,F-TYPE R Coupe
wtfbbq,2012,Jaguar,XKR-S
wtfbbq,2010,Jaguar,C-X75
wtfbbq,1993,Jaguar,XJ220S TWR
wtfbbq,1993,Jaguar,XJ220
wtfbbq,1991,Jaguar,Sport XJR-15
wtfbbq,1966,Jaguar,XJ13
wtfbbq,1964,Jaguar,Lightweight E-Type
wtfbbq,1961,Jaguar,E-type
wtfbbq,1959,Jaguar,Mk II 3.8
wtfbbq,1956,Jaguar,D-Type
wtfbbq,2020,Jeep,Gladiator Rubicon
wtfbbq,2018,Jeep,Grand Cherokee Trackhawk
wtfbbq,2016,Jeep,Trailcat
wtfbbq,2014,Jeep,Grand Cherokee SRT
wtfbbq,2012,Jeep,Wrangler Rubicon
wtfbbq,2012,Jeep,Wrangler Rubicon Traffic
wtfbbq,1976,Jeep,CJ5 Renegade
wtfbbq,2020,Koenigsegg,Jesko
wtfbbq,2017,Koenigsegg,Agera RS
wtfbbq,2016,Koenigsegg,Regera
wtfbbq,2015,Koenigsegg,One:1
wtfbbq,2008,Koenigsegg,CCGT
wtfbbq,2002,Koenigsegg,CC8S
wtfbbq,2013,KTM,X-Bow R
wtfbbq,2020,Lamborghini,Huracán EVO
wtfbbq,2019,Lamborghini,Urus
wtfbbq,2018,Lamborghini,Huracán Performante
wtfbbq,2018,Lamborghini,Aventador SVJ
wtfbbq,2016,Lamborghini,Centenario LP 770-4
wtfbbq,2016,Lamborghini,Aventador Superveloce
wtfbbq,2014,Lamborghini,Huracán LP 610-4
wtfbbq,2013,Lamborghini,Veneno
wtfbbq,2012,Lamborghini,Gallardo LP 570-4 Spyder Performante
wtfbbq,2012,Lamborghini,Aventador LP700-4
wtfbbq,2012,Lamborghini,Aventador J
wtfbbq,2011,Lamborghini,Sesto Elemento Forza Edition
wtfbbq,2011,Lamborghini,Sesto Elemento
wtfbbq,2011,Lamborghini,Gallardo LP 570-4 Superleggera
wtfbbq,2010,Lamborghini,Murcielago LP 670-4 SV
wtfbbq,2008,Lamborghini,Reventon
wtfbbq,1999,Lamborghini,Diablo GTR
wtfbbq,1997,Lamborghini,Diablo SV
wtfbbq,1988,Lamborghini,Countach LP5000 QV
wtfbbq,1986,Lamborghini,LM 002
wtfbbq,1973,Lamborghini,Espada 400 GT
wtfbbq,1967,Lamborghini,Miura P400
wtfbbq,2020,Land Rover,Defender 110 X
wtfbbq,2018,Land Rover,Range Rover Velar First Edition
wtfbbq,2015,Land Rover,Range Rover Sport SVR
wtfbbq,1997,Land Rover,Defender 90
wtfbbq,1973,Land Rover,Range Rover
wtfbbq,1972,Land Rover,Series III
wtfbbq,2015,Lexus,RC F
wtfbbq,2010,Lexus,LFA
wtfbbq,1997,Lexus,SC300
wtfbbq,2014,Local Motors,Rally Fighter
wtfbbq,1969,Lola,#6 Penske Sunoco T70 MkIIIB
wtfbbq,2020,Lotus,Evija
wtfbbq,2016,Lotus,3-Eleven
wtfbbq,2012,Lotus,Exige S
wtfbbq,1999,Lotus,Elise Series 1 Sport 190
wtfbbq,1997,Lotus,Elise GT1
wtfbbq,1971,Lotus,Elan Sprint
wtfbbq,2017,Maserati,Levante S
wtfbbq,2010,Maserati,Gran Turismo S Forza Edition
wtfbbq,2010,Maserati,Gran Turismo S
wtfbbq,2008,Maserati,MC12 Versione Corsa
wtfbbq,1939,Maserati,8CTF
wtfbbq,2016,Mazda,MX-5
wtfbbq,2013,Mazda,MX-5
wtfbbq,2011,Mazda,RX-8 R3
wtfbbq,2010,Mazda,3 Traffic
wtfbbq,2005,Mazda,Mazdaspeed MX-5
wtfbbq,2002,Mazda,RX-7 Spirit R Type-A
wtfbbq,1997,Mazda,RX-7
wtfbbq,1994,Mazda,MX-5 Miata
wtfbbq,1990,Mazda,Savanna RX-7
wtfbbq,2020,McLaren,GT
wtfbbq,2019,McLaren,Speedtail
wtfbbq,2019,McLaren,720S Spider
wtfbbq,2018,McLaren,Senna
wtfbbq,2018,McLaren,720S Coupe
wtfbbq,2018,McLaren,600LT Coupe
wtfbbq,2015,McLaren,650S Coupe
wtfbbq,2015,McLaren,570S Coupe
wtfbbq,2013,McLaren,P1
wtfbbq,1997,McLaren,F1 GT
wtfbbq,1993,McLaren,F1
wtfbbq,2021,Mercedes-AMG,Mercedes-AMG ONE
wtfbbq,2018,Mercedes-AMG,GT 4-Door Coupe
wtfbbq,2018,Mercedes-AMG,E 63 S
wtfbbq,2017,Mercedes-AMG,GT R
wtfbbq,2016,Mercedes-AMG,C 63 S Coupe
wtfbbq,2018,Mercedes-Benz,X-Class
wtfbbq,2015,Mercedes-Benz,#24 Tankpool24 Racing Truck Forza Edition
wtfbbq,2015,Mercedes-Benz,#24 Tankpool24 Racing Truck
wtfbbq,2014,Mercedes-Benz,Unimog U5023
wtfbbq,2014,Mercedes-Benz,G 63 AMG 6x6
wtfbbq,2013,Mercedes-Benz,G 65 AMG
wtfbbq,2013,Mercedes-Benz,E 63 AMG
wtfbbq,2013,Mercedes-Benz,A 45 AMG
wtfbbq,2012,Mercedes-Benz,SLK 55 AMG
wtfbbq,2012,Mercedes-Benz,C 63 AMG Coupe Black Series
wtfbbq,2011,Mercedes-Benz,SLS AMG
wtfbbq,1998,Mercedes-Benz,AMG CLK GTR Forza Edition
wtfbbq,1998,Mercedes-Benz,AMG CLK GTR
wtfbbq,1990,Mercedes-Benz,190E 2.5-16 Evolution II
wtfbbq,1987,Mercedes-Benz,AMG Hammer Coupe
wtfbbq,1954,Mercedes-Benz,300 SL Coupe
wtfbbq,1939,Mercedes-Benz,W154
wtfbbq,1929,Mercedes-Benz,SSK
wtfbbq,1970,Mercury,Cyclone Spoiler
wtfbbq,1971,Meyers,Manx Forza Edition
wtfbbq,1971,Meyers,Manx
wtfbbq,1986,MG,Metro 6R4
wtfbbq,2018,MINI,X-Raid John Cooper Works Buggy
wtfbbq,2018,MINI,John Cooper Works Countryman ALL4
wtfbbq,2013,MINI,X-Raid ALL4 Racing Countryman
wtfbbq,2012,MINI,John Cooper Works GP
wtfbbq,2009,MINI,John Cooper Works
wtfbbq,1965,MINI,Cooper S
wtfbbq,2008,Mitsubishi,Lancer Evolution X GSR 'Welcome Pack'
wtfbbq,2008,Mitsubishi,Lancer Evolution X GSR
wtfbbq,2006,Mitsubishi,Lancer Evolution IX MR
wtfbbq,2004,Mitsubishi,Lancer Evolution VIII MR
wtfbbq,1999,Mitsubishi,Lancer Evolution VI GSR
wtfbbq,1997,Mitsubishi,GTO
wtfbbq,1995,Mitsubishi,Eclipse GSX
wtfbbq,1992,Mitsubishi,Galant VR-4 Traffic
wtfbbq,1988,Mitsubishi,Starion ESI-R
wtfbbq,2014,Morgan,3 Wheeler
wtfbbq,1958,Morris,Minor 1000
wtfbbq,1953,Morris,Minor 1000 Forza Edition
wtfbbq,2010,Mosler,MT900S
wtfbbq,1933,Napier,Napier-Railton
wtfbbq,2017,Nissan,GT-R (R35)
wtfbbq,2016,Nissan,Titan Warrior Concept
wtfbbq,2012,Nissan,GT-R Black Edition (R35)
wtfbbq,2010,Nissan,370Z
wtfbbq,2004,Nissan,Pickup #23 Rally Raid
wtfbbq,2003,Nissan,Fairlady Z Forza Edition
wtfbbq,2003,Nissan,Fairlady Z
wtfbbq,2002,Nissan,Skyline GT-R V-Spec II
wtfbbq,2000,Nissan,Silvia Spec-R
wtfbbq,1998,Nissan,Silvia K's Aero
wtfbbq,1998,Nissan,R390 (GT1)
wtfbbq,1997,Nissan,Skyline GT-R V-Spec
wtfbbq,1995,Nissan,NISMO GT-R LM
wtfbbq,1994,Nissan,Silvia K's
wtfbbq,1994,Nissan,Fairlady Z Version S Twin Turbo
wtfbbq,1993,Nissan,Skyline GT-R V-Spec
wtfbbq,1993,Nissan,240SX SE
wtfbbq,1992,Nissan,Silvia CLUB K's
wtfbbq,1990,Nissan,Pulsar GTi-R
wtfbbq,1987,Nissan,Skyline GTS-R (HR31)
wtfbbq,1973,Nissan,Skyline H/T 2000GT-R
wtfbbq,1971,Nissan,Skyline 2000GT-R
wtfbbq,1969,Nissan,Fairlady Z 432
wtfbbq,1984,Opel,Manta 400
wtfbbq,2016,Pagani,Huayra BC Forza Edition
wtfbbq,2016,Pagani,Huayra BC
wtfbbq,2010,Pagani,Zonda R
wtfbbq,2009,Pagani,Zonda Cinque Roadster
wtfbbq,1965,Peel,Trident
wtfbbq,1962,Peel,P50
wtfbbq,2011,Penhall,The Cholla
wtfbbq,2007,Peugeot,207 Super 2000
wtfbbq,1991,Peugeot,205 Rallye
wtfbbq,1984,Peugeot,205 Turbo 16
wtfbbq,1971,Plymouth,Cuda 426 Hemi
wtfbbq,2015,Polaris,RZR XP 1000 EPS
wtfbbq,1987,Pontiac,Firebird Trans Am GTA Forza Edition
wtfbbq,1987,Pontiac,Firebird Trans Am GTA
wtfbbq,1977,Pontiac,Firebird Trans Am
wtfbbq,1965,Pontiac,GTO
wtfbbq,2020,Porsche,Taycan Turbo S 'Welcome Pack'
wtfbbq,2020,Porsche,Taycan Turbo S
wtfbbq,2019,Porsche,Macan Turbo
wtfbbq,2019,Porsche,911 GT3 RS Forza Edition
wtfbbq,2019,Porsche,911 GT3 RS
wtfbbq,2019,Porsche,911 Carrera S
wtfbbq,2018,Porsche,Macan LPR Rally Raid
wtfbbq,2018,Porsche,Cayenne Turbo
wtfbbq,2018,Porsche,911 GT2 RS
wtfbbq,2018,Porsche,718 Cayman GTS
wtfbbq,2017,Porsche,Panamera Turbo
wtfbbq,2016,Porsche,Cayman GT4
wtfbbq,2016,Porsche,911 GT3 RS
wtfbbq,2015,Porsche,Cayman GTS
wtfbbq,2014,Porsche,918 Spyder
wtfbbq,2014,Porsche,911 Turbo S
wtfbbq,2012,Porsche,911 GT2 RS
wtfbbq,2004,Porsche,911 GT3
wtfbbq,2003,Porsche,Carrera GT
wtfbbq,1998,Porsche,911 GT1 Strassenversion
wtfbbq,1995,Porsche,911 GT2
wtfbbq,1993,Porsche,968 Turbo S
wtfbbq,1989,Porsche,944 Turbo
wtfbbq,1989,Porsche,#65 Rothsport Racing 911 'Desert Flyer'
wtfbbq,1987,Porsche,959
wtfbbq,1985,Porsche,#185 959 Prodrive Rally Raid
wtfbbq,1982,Porsche,911 Turbo 3.3
wtfbbq,1973,Porsche,911 Carrera RS
wtfbbq,1970,Porsche,914/6
wtfbbq,1970,Porsche,#3 917 LH
wtfbbq,1959,Porsche,356 A 1600 Super
wtfbbq,2015,Radical,RXC Turbo
wtfbbq,2019,RAESR,Tachyon Speed
wtfbbq,2017,Ram,2500 Power Wagon
wtfbbq,1972,Reliant,Supervan III
wtfbbq,2018,Renault,Megane R.S.
wtfbbq,2013,Renault,Clio R.S. 200 EDC
wtfbbq,2008,Renault,Megane R26.R
wtfbbq,1993,Renault,Clio Williams
wtfbbq,1980,Renault,5 Turbo
wtfbbq,1968,Renault,4L Export
wtfbbq,1967,Renault,8 Gordini
wtfbbq,2019,Rimac,Concept Two
wtfbbq,2016,RJ Anderson,#37 Polaris RZR-Rockstar Energy Pro 2 Truck
wtfbbq,2018,Saleen,S1
wtfbbq,2004,Saleen,S7
wtfbbq,1965,Shelby,Cobra Daytona Coupe
wtfbbq,1965,Shelby,Cobra 427 S/C
wtfbbq,2021,Sierra Cars,RX3
wtfbbq,2019,Subaru,STI S209
wtfbbq,2015,Subaru,WRX STI
wtfbbq,2013,Subaru,BRZ
wtfbbq,2011,Subaru,WRX STI 
wtfbbq,2008,Subaru,Impreza WRX STI
wtfbbq,2005,Subaru,Legacy Traffic
wtfbbq,2005,Subaru,Impreza WRX STi
wtfbbq,2004,Subaru,Impreza WRX STi
wtfbbq,1998,Subaru,Impreza 22B-STi Version
wtfbbq,2020,Toyota,GR Supra
wtfbbq,2016,Toyota,Land Cruiser Arctic Trucks AT37
wtfbbq,2013,Toyota,86
wtfbbq,2007,Toyota,Hilux Arctic Trucks AT38
wtfbbq,2003,Toyota,Celica SS-I
wtfbbq,1998,Toyota,Supra RZ 'Welcome Pack'
wtfbbq,1998,Toyota,Supra RZ
wtfbbq,1994,Toyota,Celica GT-Four ST205
wtfbbq,1993,Toyota,#1 T100 Baja Truck
wtfbbq,1992,Toyota,Supra 2.0 GT
wtfbbq,1992,Toyota,Celica GT-Four RC ST185
wtfbbq,1989,Toyota,MR2 SC
wtfbbq,1985,Toyota,Sprinter Trueno GT Apex
wtfbbq,1979,Toyota,FJ40
wtfbbq,1974,Toyota,Celica GT
wtfbbq,1969,Toyota,2000GT
wtfbbq,2018,TVR,Griffith
wtfbbq,2005,TVR,Sagaris
wtfbbq,1998,TVR,Cerbera Speed 12
wtfbbq,2015,Ultima,Evolution Coupe 1020
wtfbbq,2016,Vauxhall,Corsa VXR
wtfbbq,2005,Vauxhall,Monaro VXR
wtfbbq,1990,Vauxhall,Lotus Carlton
wtfbbq,2017,Volkswagen,#34 Volkswagen Andretti Rallycross Beetle
wtfbbq,2014,Volkswagen,Golf R
wtfbbq,2011,Volkswagen,Scirocco R
wtfbbq,2010,Volkswagen,Golf R
wtfbbq,2003,Volkswagen,Golf R32 
wtfbbq,1998,Volkswagen,Gti VR6 Mk3
wtfbbq,1995,Volkswagen,Corrado VR6
wtfbbq,1992,Volkswagen,Golf Gti 16v Mk2
wtfbbq,1983,Volkswagen,Golf GTI
wtfbbq,1981,Volkswagen,Scirocco S
wtfbbq,1970,Volkswagen,#1107 Desert Dingo Racing Stock Bug
wtfbbq,1969,Volkswagen,Class 5/1600 Baja Bug
wtfbbq,1963,Volkswagen,Type 2 De Luxe
wtfbbq,1963,Volkswagen,Beetle Forza Edition
wtfbbq,1963,Volkswagen,Beetle
wtfbbq,2015,Volvo,V60 Polestar
wtfbbq,1997,Volvo,850 R
wtfbbq,1983,Volvo,242 Turbo Evolution
wtfbbq,2017,VUHL,05RR
wtfbbq,1945,Willys,MB Jeep
wtfbbq,2019,Zenvo,TSR-S
wtfbbq,2016,Zenvo,TS1
